{
  "image_path": "../input/0/0000_10245691204_98dce75b5a_o.jpg",
  "filename": "0000_10245691204_98dce75b5a_o",
  "original_size": {
    "width": 640,
    "height": 640
  },
  "crop_box": {
    "x1": 22,
    "y1": 25,
    "x2": 615,
    "y2": 636,
    "width": 593,
    "height": 611
  },
  "composition": {
    "predicted_class": 8,
    "class_probabilities": [
      0.08574630320072174,
      0.0036065622698515654,
      0.015671273693442345,
      0.06594043970108032,
      0.016810154542326927,
      0.0034292314667254686,
      0.03458689898252487,
      0.013615638948976994,
      0.7605935335159302
    ]
  }
}