{
  "image_path": "../input/0/0000_116351579_978bde4a9e_o.jpg",
  "filename": "0000_116351579_978bde4a9e_o",
  "original_size": {
    "width": 2592,
    "height": 1944
  },
  "crop_box": {
    "x1": 102,
    "y1": 89,
    "x2": 2507,
    "y2": 1943,
    "width": 2405,
    "height": 1854
  },
  "composition": {
    "predicted_class": 8,
    "class_probabilities": [
      0.0027002778369933367,
      0.002374124014750123,
      0.0005711232079192996,
      0.11485473066568375,
      0.08340802788734436,
      0.07033378630876541,
      0.04636737331748009,
      0.0019861035980284214,
      0.6774044036865234
    ]
  }
}