{
  "image_path": "../input/0/0000_17131114739_7ec168e7ff_o.jpg",
  "filename": "0000_17131114739_7ec168e7ff_o",
  "original_size": {
    "width": 2056,
    "height": 3088
  },
  "crop_box": {
    "x1": 3,
    "y1": 45,
    "x2": 2054,
    "y2": 2789,
    "width": 2051,
    "height": 2744
  },
  "composition": {
    "predicted_class": 2,
    "class_probabilities": [
      0.0939372181892395,
      0.024224160239100456,
      0.26777875423431396,
      0.12075803428888321,
      0.16991178691387177,
      0.1768244355916977,
      0.05174792557954788,
      0.08036435395479202,
      0.014453358016908169
    ]
  }
}